{
    "originPostID": [
        "41949453",
        "41940392",
        "41738640",
        "41723049",
        "41592485",
        "41570490",
        "41375529",
        "41373951",
        "41201106",
        "41180121",
        "41177621",
        "41123167",
        "41058094",
        "41036709"
    ],
    "avgReplies": 8.153846153846153,
    "highestReplies": 37,
    "numOfPosts": 14,
    "numOfReplies": 143,
    "highestLikes": 23,
    "id": 486674,
    "avgLikes": 4.538461538461538,
    "numOfLikes": 82
}
{
    "originPostID": [
        "50475915",
        "49139485",
        "49046465",
        "48999756",
        "48009678",
        "47775280",
        "46964846",
        "46759516",
        "46745501",
        "45626611",
        "44868301",
        "44559699",
        "44484162",
        "44438432",
        "44430043",
        "44225948",
        "43991676",
        "43991048",
        "43440245",
        "43224689",
        "43214966",
        "42267301",
        "41460353",
        "41266197",
        "40295042",
        "39928746",
        "39136361",
        "38786838",
        "38648637",
        "38321915",
        "37935733",
        "37807936",
        "37762284",
        "35147149",
        "34378317",
        "34173699",
        "34110113",
        "33739787",
        "33227633",
        "33219565",
        "32481834",
        "31607782",
        "31545921",
        "31503590",
        "31467694",
        "31277354",
        "31150191",
        "30903020",
        "30881992",
        "30864904",
        "30838609",
        "30809407",
        "30782456",
        "30522522",
        "30049115",
        "30012095",
        "29985957",
        "29985898",
        "29893437",
        "29891143",
        "29890381",
        "29890047",
        "29737682",
        "29661888",
        "29660932",
        "29660437",
        "29659258",
        "29658109",
        "29657841",
        "29657437",
        "29657092",
        "29558177",
        "29558154",
        "29517794",
        "29478257",
        "29298839",
        "29210299",
        "28997846",
        "28971718",
        "28926633",
        "28908822",
        "28903949",
        "28851200",
        "28849797",
        "28849096",
        "28847312",
        "28847173",
        "26934092",
        "26548749",
        "25599877",
        "25540934",
        "25350325",
        "25241473",
        "25116977",
        "24742503",
        "24526569",
        "19882957",
        "19559372",
        "18340113"
    ],
    "avgReplies": 7.666666666666667,
    "highestReplies": 65,
    "numOfPosts": 118,
    "numOfReplies": 962,
    "highestLikes": 14,
    "id": 249253,
    "avgLikes": 3.427350427350427,
    "numOfLikes": 415
}
{
    "originPostID": [
        "50623510",
        "49966399",
        "42166866",
        "42020196",
        "38886967",
        "38873888",
        "38859553",
        "38846485",
        "38841749",
        "38809587",
        "38803961",
        "38622981",
        "38615894",
        "38609004",
        "38596788",
        "38594239",
        "38527500",
        "37807063",
        "37798338",
        "37701528",
        "37697411",
        "37696703",
        "37677204",
        "37677036",
        "37657347",
        "37647953",
        "37639491",
        "37627824",
        "37608196",
        "37574733",
        "37555242",
        "37378804",
        "36922476",
        "36922401",
        "36910273",
        "36909622",
        "36786478",
        "36366206",
        "36344298",
        "36343288",
        "36337636",
        "35174534",
        "33997870",
        "33992895",
        "33927970",
        "33920599",
        "33113347"
    ],
    "avgReplies": 5.636363636363637,
    "highestReplies": 234,
    "numOfPosts": 56,
    "numOfReplies": 544,
    "highestLikes": 22,
    "id": 118903,
    "avgLikes": 3.8727272727272726,
    "numOfLikes": 235
}
{
    "originPostID": [
        "41491563",
        "41377457",
        "41279194",
        "41267924",
        "41222723",
        "41205989",
        "41184806",
        "41148892"
    ],
    "avgReplies": 5.3,
    "highestReplies": 18,
    "numOfPosts": 11,
    "numOfReplies": 71,
    "highestLikes": 25,
    "id": 350228,
    "avgLikes": 4.3,